ppm,Treatment,Block,Sub group,Herbicide,Depth,Week
0.362000972,1,1,a,dicamba,1,1
0.256896763,1,1,b,dicamba,1,1
0.307682585,1,1,c,dicamba,1,1
0.227635792,2,1,a,dicamba,1,1
0.186805507,2,1,b,dicamba,1,1
0.394795828,2,1,c,dicamba,1,1
0.286932567,3,1,a,dicamba,1,1
0.131268898,3,1,b,dicamba,1,1
0.169182256,3,1,c,dicamba,1,1
0.289578686,4,1,a,dicamba,1,1
0.171729486,4,1,b,dicamba,1,1
0.272709038,4,1,c,dicamba,1,1
0.189260293,1,2,a,dicamba,1,1
0.145818091,1,2,b,dicamba,1,1
0.180918368,1,2,c,dicamba,1,1
0.231874374,2,2,a,dicamba,1,1
0.227005614,2,2,b,dicamba,1,1
0.122909046,2,2,c,dicamba,1,1
0.212565719,3,2,a,dicamba,1,1
0.267178046,3,2,b,dicamba,1,1
0.30163187,3,2,c,dicamba,1,1
0.210297971,4,2,a,dicamba,1,1
0.185867098,4,2,b,dicamba,1,1
0.157385506,4,2,c,dicamba,1,1
0.171839858,1,3,a,dicamba,1,1
0.313739909,1,3,b,dicamba,1,1
0.13794599,1,3,c,dicamba,1,1
0.236336509,2,3,a,dicamba,1,1
0.250203891,2,3,b,dicamba,1,1
0.193110755,2,3,c,dicamba,1,1
0.173109384,3,3,a,dicamba,1,1
0.243820408,3,3,b,dicamba,1,1
0.218753986,3,3,c,dicamba,1,1
0.237762092,4,3,a,dicamba,1,1
0.144819373,4,3,b,dicamba,1,1
0.181669823,4,3,c,dicamba,1,1
0.3843975,1,1,a,s-metolachlor,1,1
0.340259167,1,1,b,s-metolachlor,1,1
0.376151667,1,1,c,s-metolachlor,1,1
0.465419167,2,1,a,s-metolachlor,1,1
0.435306667,2,1,b,s-metolachlor,1,1
0.312788333,2,1,c,s-metolachlor,1,1
0.540266667,3,1,a,s-metolachlor,1,1
0.3408425,3,1,b,s-metolachlor,1,1
0.573303333,3,1,c,s-metolachlor,1,1
0.621745,4,1,a,s-metolachlor,1,1
0.414194167,4,1,b,s-metolachlor,1,1
0.414601667,4,1,c,s-metolachlor,1,1
0.390260833,1,2,a,s-metolachlor,1,1
0.384664167,1,2,b,s-metolachlor,1,1
0.355303333,1,2,c,s-metolachlor,1,1
0.3935,2,2,a,s-metolachlor,1,1
0.55498,2,2,b,s-metolachlor,1,1
0.5625425,2,2,c,s-metolachlor,1,1
0.563539167,3,2,a,s-metolachlor,1,1
0.642541667,3,2,b,s-metolachlor,1,1
0.671850833,3,2,c,s-metolachlor,1,1
0.3525,4,2,a,s-metolachlor,1,1
0.455864167,4,2,b,s-metolachlor,1,1
0.511109167,4,2,c,s-metolachlor,1,1
0.4220075,1,3,a,s-metolachlor,1,1
0.8357575,1,3,b,s-metolachlor,1,1
0.295135,1,3,c,s-metolachlor,1,1
0.46243,2,3,a,s-metolachlor,1,1
0.510030833,2,3,b,s-metolachlor,1,1
0.521831667,2,3,c,s-metolachlor,1,1
0.530454167,3,3,a,s-metolachlor,1,1
0.511164167,3,3,b,s-metolachlor,1,1
0.53017,3,3,c,s-metolachlor,1,1
0.460740833,4,3,a,s-metolachlor,1,1
0.4236,4,3,b,s-metolachlor,1,1
0.567328333,4,3,c,s-metolachlor,1,1
0.2125,1,1,a,dicamba,1,2
0.305,1,1,a,dicamba,2,2
0.0475,1,1,b,dicamba,1,2
0.0975,1,1,b,dicamba,2,2
0.4025,1,1,c,dicamba,1,2
0.03,1,1,c,dicamba,2,2
0.3225,2,1,a,dicamba,1,2
0.4725,2,1,a,dicamba,2,2
0.2325,2,1,b,dicamba,1,2
0.195,2,1,b,dicamba,2,2
0.38,2,1,c,dicamba,1,2
0.185,2,1,c,dicamba,2,2
0.5125,3,1,a,dicamba,1,2
0.105,3,1,a,dicamba,2,2
0.1775,3,1,b,dicamba,1,2
0.0325,3,1,b,dicamba,2,2
0.1825,3,1,c,dicamba,1,2
0.195,3,1,c,dicamba,2,2
0.0675,4,1,a,dicamba,1,2
0.3525,4,1,a,dicamba,2,2
0.115,4,1,b,dicamba,1,2
0.17,4,1,b,dicamba,2,2
0.11,4,1,c,dicamba,1,2
0.2475,4,1,c,dicamba,2,2
0.0075,1,2,a,dicamba,1,2
0.005,1,2,a,dicamba,2,2
0.265,1,2,b,dicamba,1,2
0.28,1,2,b,dicamba,2,2
0.0975,1,2,c,dicamba,1,2
0.125,1,2,c,dicamba,2,2
0.36,2,2,a,dicamba,1,2
0.4275,2,2,a,dicamba,2,2
0.1925,2,2,b,dicamba,1,2
0.54,2,2,b,dicamba,2,2
0.1975,2,2,c,dicamba,1,2
0.22,2,2,c,dicamba,2,2
0.1325,3,2,a,dicamba,1,2
0.2875,3,2,a,dicamba,2,2
0.5375,3,2,b,dicamba,1,2
0.24,3,2,b,dicamba,2,2
0.4125,3,2,c,dicamba,1,2
0.16,3,2,c,dicamba,2,2
0.1925,4,2,a,dicamba,1,2
0.8575,4,2,a,dicamba,2,2
0.0825,4,2,b,dicamba,1,2
0.285,4,2,b,dicamba,2,2
0.0275,4,2,c,dicamba,1,2
0.2325,4,2,c,dicamba,2,2
0.03,1,3,a,dicamba,1,2
0.56,1,3,a,dicamba,2,2
0.185,1,3,b,dicamba,1,2
0.865,1,3,b,dicamba,2,2
0.105,1,3,c,dicamba,1,2
0.07,1,3,c,dicamba,2,2
0.4175,2,3,a,dicamba,1,2
0.2125,2,3,a,dicamba,2,2
0.31,2,3,b,dicamba,1,2
0.24,2,3,b,dicamba,2,2
0.1675,2,3,c,dicamba,1,2
0.805,2,3,c,dicamba,2,2
0.215,3,3,a,dicamba,1,2
0.2775,3,3,a,dicamba,2,2
0.1725,3,3,b,dicamba,1,2
0.0725,3,3,b,dicamba,2,2
0.325,3,3,c,dicamba,1,2
0.315,3,3,c,dicamba,2,2
0.135,4,3,a,dicamba,1,2
0.39,4,3,a,dicamba,2,2
0.085,4,3,b,dicamba,1,2
0.3475,4,3,b,dicamba,2,2
0.2225,4,3,c,dicamba,1,2
0.26,4,3,c,dicamba,2,2
0.500606667,1,1,a,s-metolachlor,1,2
0.696641667,1,1,a,s-metolachlor,2,2
0.378116667,1,1,b,s-metolachlor,1,2
0.530268333,1,1,b,s-metolachlor,2,2
0.453693333,1,1,c,s-metolachlor,1,2
1.202003333,1,1,c,s-metolachlor,2,2
0.671145,2,1,a,s-metolachlor,1,2
0.788731667,2,1,a,s-metolachlor,2,2
0.501571667,2,1,b,s-metolachlor,1,2
1.068836667,2,1,b,s-metolachlor,2,2
0.834406667,2,1,c,s-metolachlor,1,2
0.418508333,2,1,c,s-metolachlor,2,2
0.518716667,3,1,a,s-metolachlor,1,2
0.286976667,3,1,a,s-metolachlor,2,2
0.486723333,3,1,b,s-metolachlor,1,2
0.253021667,3,1,b,s-metolachlor,2,2
0.470795,3,1,c,s-metolachlor,1,2
0.420516667,3,1,c,s-metolachlor,2,2
0.165381667,4,1,a,s-metolachlor,1,2
0.646456667,4,1,a,s-metolachlor,2,2
0.339553333,4,1,b,s-metolachlor,1,2
0.593363333,4,1,b,s-metolachlor,2,2
0.191148333,4,1,c,s-metolachlor,1,2
0.554285,4,1,c,s-metolachlor,2,2
0.47669,1,2,a,s-metolachlor,1,2
0.98613,1,2,a,s-metolachlor,2,2
0.604276667,1,2,b,s-metolachlor,1,2
0.646425,1,2,b,s-metolachlor,2,2
0.311533333,1,2,c,s-metolachlor,1,2
0.545405,1,2,c,s-metolachlor,2,2
0.436721667,2,2,a,s-metolachlor,1,2
0.753996667,2,2,a,s-metolachlor,2,2
0.373855,2,2,b,s-metolachlor,1,2
0.671098333,2,2,b,s-metolachlor,2,2
0.438296667,2,2,c,s-metolachlor,1,2
0.585663333,2,2,c,s-metolachlor,2,2
0.681326667,3,2,a,s-metolachlor,1,2
0.77364,3,2,a,s-metolachlor,2,2
0.490173333,3,2,b,s-metolachlor,1,2
0.608566667,3,2,b,s-metolachlor,2,2
0.495323333,3,2,c,s-metolachlor,1,2
0.406455,3,2,c,s-metolachlor,2,2
0.722181667,4,2,a,s-metolachlor,1,2
1.258121667,4,2,a,s-metolachlor,2,2
0.29743,4,2,b,s-metolachlor,1,2
0.921223333,4,2,b,s-metolachlor,2,2
0.215251667,4,2,c,s-metolachlor,1,2
0.687748333,4,2,c,s-metolachlor,2,2
0.34778,1,3,a,s-metolachlor,1,2
0.87761,1,3,a,s-metolachlor,2,2
0.39276,1,3,b,s-metolachlor,1,2
1.617046667,1,3,b,s-metolachlor,2,2
0.475348333,1,3,c,s-metolachlor,1,2
0.2779,1,3,c,s-metolachlor,2,2
0.882766667,2,3,a,s-metolachlor,1,2
0.447011667,2,3,a,s-metolachlor,2,2
0.541055,2,3,b,s-metolachlor,1,2
1.082153333,2,3,b,s-metolachlor,2,2
0.698895,2,3,c,s-metolachlor,1,2
0.879615,2,3,c,s-metolachlor,2,2
0.4562,3,3,a,s-metolachlor,1,2
0.445661667,3,3,a,s-metolachlor,2,2
0.394036667,3,3,b,s-metolachlor,1,2
0.28399,3,3,b,s-metolachlor,2,2
0.427785,3,3,c,s-metolachlor,1,2
0.905823333,3,3,c,s-metolachlor,2,2
0.64827,4,3,a,s-metolachlor,1,2
0.49846,4,3,a,s-metolachlor,2,2
0.458821667,4,3,b,s-metolachlor,1,2
0.89371,4,3,b,s-metolachlor,2,2
0.479895,4,3,c,s-metolachlor,1,2
0.792543333,4,3,c,s-metolachlor,2,2
0.0125855,1,1,a,dicamba,1,3
0.0058405,1,1,a,dicamba,2,3
0.000913,1,1,b,dicamba,1,3
0.0195155,1,1,b,dicamba,2,3
0.0123305,1,1,c,dicamba,1,3
0.021303,1,1,c,dicamba,2,3
0.000913,2,1,a,dicamba,1,3
0.000913,2,1,a,dicamba,2,3
0.000913,2,1,b,dicamba,1,3
0.000913,2,1,b,dicamba,2,3
0.017643,2,1,c,dicamba,1,3
0.035263,2,1,c,dicamba,2,3
0.014688,3,1,a,dicamba,1,3
0.013508,3,1,a,dicamba,2,3
0.005058,3,1,b,dicamba,1,3
0.000913,3,1,b,dicamba,2,3
0.000913,3,1,c,dicamba,1,3
0.0080455,3,1,c,dicamba,2,3
0.000913,4,1,a,dicamba,1,3
0.0100055,4,1,a,dicamba,2,3
0.004818,4,1,b,dicamba,1,3
0.0151105,4,1,b,dicamba,2,3
0.0056005,4,1,c,dicamba,1,3
0.0302155,4,1,c,dicamba,2,3
0.001508,1,2,a,dicamba,1,3
0.000913,1,2,a,dicamba,2,3
0.000913,1,2,b,dicamba,1,3
0.0100105,1,2,b,dicamba,2,3
0.000913,1,2,c,dicamba,1,3
0.000913,1,2,c,dicamba,2,3
0.000913,2,2,a,dicamba,1,3
0.005518,2,2,a,dicamba,2,3
0.000913,2,2,b,dicamba,1,3
0.0126355,2,2,b,dicamba,2,3
0.000913,2,2,c,dicamba,1,3
0.000913,2,2,c,dicamba,2,3
0.0017255,3,2,a,dicamba,1,3
0.0021955,3,2,a,dicamba,2,3
0.000913,3,2,b,dicamba,1,3
0.004008,3,2,b,dicamba,2,3
0.001873,3,2,c,dicamba,1,3
0.011698,3,2,c,dicamba,2,3
0.0019655,4,2,a,dicamba,1,3
0.0033805,4,2,a,dicamba,2,3
0.000913,4,2,b,dicamba,1,3
0.000913,4,2,b,dicamba,2,3
0.000913,4,2,c,dicamba,1,3
0.0038005,4,2,c,dicamba,2,3
0.002203,1,3,a,dicamba,1,3
0.003573,1,3,a,dicamba,2,3
0.000913,1,3,b,dicamba,1,3
0.007763,1,3,b,dicamba,2,3
0.002158,1,3,c,dicamba,1,3
0.002763,1,3,c,dicamba,2,3
0.000913,2,3,a,dicamba,1,3
0.000913,2,3,a,dicamba,2,3
0.001853,2,3,b,dicamba,1,3
0.0037755,2,3,b,dicamba,2,3
0.000913,2,3,c,dicamba,1,3
0.0024105,2,3,c,dicamba,2,3
0.0023705,3,3,a,dicamba,1,3
0.0046605,3,3,a,dicamba,2,3
0.0027005,3,3,b,dicamba,1,3
0.0043855,3,3,b,dicamba,2,3
0.0040805,3,3,c,dicamba,1,3
0.0113855,3,3,c,dicamba,2,3
0.0065255,4,3,a,dicamba,1,3
0.0050255,4,3,a,dicamba,2,3
0.003453,4,3,b,dicamba,1,3
0.003713,4,3,b,dicamba,2,3
0.003313,4,3,c,dicamba,1,3
0.0033905,4,3,c,dicamba,2,3
0.50531,1,1,a,s-metolachlor,1,3
0.3280975,1,1,a,s-metolachlor,2,3
0.33345875,1,1,b,s-metolachlor,1,3
0.92055875,1,1,b,s-metolachlor,2,3
0.37729375,1,1,c,s-metolachlor,1,3
0.62659375,1,1,c,s-metolachlor,2,3
0.4755075,2,1,a,s-metolachlor,1,3
0.64927,2,1,a,s-metolachlor,2,3
0.35979625,2,1,b,s-metolachlor,1,3
0.6597175,2,1,b,s-metolachlor,2,3
0.538,2,1,c,s-metolachlor,1,3
1.1085975,2,1,c,s-metolachlor,2,3
0.36121125,3,1,a,s-metolachlor,1,3
0.5102375,3,1,a,s-metolachlor,2,3
0.361975,3,1,b,s-metolachlor,1,3
0.84873125,3,1,b,s-metolachlor,2,3
0.30817125,3,1,c,s-metolachlor,1,3
0.61413625,3,1,c,s-metolachlor,2,3
0.32385875,4,1,a,s-metolachlor,1,3
0.6858175,4,1,a,s-metolachlor,2,3
0.3697825,4,1,b,s-metolachlor,1,3
0.57402,4,1,b,s-metolachlor,2,3
0.36167375,4,1,c,s-metolachlor,1,3
1.09168375,4,1,c,s-metolachlor,2,3
0.544115,1,2,a,s-metolachlor,1,3
0.6145575,1,2,a,s-metolachlor,2,3
0.38966375,1,2,b,s-metolachlor,1,3
1.37891,1,2,b,s-metolachlor,2,3
0.5537875,1,2,c,s-metolachlor,1,3
0.743555,1,2,c,s-metolachlor,2,3
0.35503875,2,2,a,s-metolachlor,1,3
0.80088625,2,2,a,s-metolachlor,2,3
0.33053,2,2,b,s-metolachlor,1,3
0.74999,2,2,b,s-metolachlor,2,3
0.40708375,2,2,c,s-metolachlor,1,3
0.712635,2,2,c,s-metolachlor,2,3
0.33631125,3,2,a,s-metolachlor,1,3
0.51269875,3,2,a,s-metolachlor,2,3
0.402645,3,2,b,s-metolachlor,1,3
0.78879625,3,2,b,s-metolachlor,2,3
0.3713075,3,2,c,s-metolachlor,1,3
0.5012475,3,2,c,s-metolachlor,2,3
0.4423725,4,2,a,s-metolachlor,1,3
0.68435625,4,2,a,s-metolachlor,2,3
0.28368375,4,2,b,s-metolachlor,1,3
0.8099575,4,2,b,s-metolachlor,2,3
0.28371625,4,2,c,s-metolachlor,1,3
0.69525375,4,2,c,s-metolachlor,2,3
0.33527875,1,3,a,s-metolachlor,1,3
0.5971675,1,3,a,s-metolachlor,2,3
0.45274875,1,3,b,s-metolachlor,1,3
0.8063925,1,3,b,s-metolachlor,2,3
0.2611425,1,3,c,s-metolachlor,1,3
0.43385375,1,3,c,s-metolachlor,2,3
0.29119625,2,3,a,s-metolachlor,1,3
0.3943975,2,3,a,s-metolachlor,2,3
0.3952225,2,3,b,s-metolachlor,1,3
0.726905,2,3,b,s-metolachlor,2,3
0.47881375,2,3,c,s-metolachlor,1,3
0.58133875,2,3,c,s-metolachlor,2,3
0.4208925,3,3,a,s-metolachlor,1,3
0.48742875,3,3,a,s-metolachlor,2,3
0.4078325,3,3,b,s-metolachlor,1,3
0.5192975,3,3,b,s-metolachlor,2,3
0.3068275,3,3,c,s-metolachlor,1,3
0.7514725,3,3,c,s-metolachlor,2,3
0.35116625,4,3,a,s-metolachlor,1,3
0.4205675,4,3,a,s-metolachlor,2,3
0.36580125,4,3,b,s-metolachlor,1,3
0.62840625,4,3,b,s-metolachlor,2,3
0.50067375,4,3,c,s-metolachlor,1,3
0.42974,4,3,c,s-metolachlor,2,3
0.242325,1,1,a,s-metolachlor,1,4
0.5558125,1,1,a,s-metolachlor,2,4
0.2218575,1,1,b,s-metolachlor,1,4
0.55690125,1,1,b,s-metolachlor,2,4
0.20748375,1,1,c,s-metolachlor,1,4
0.5477875,1,1,c,s-metolachlor,2,4
0.2658975,2,1,a,s-metolachlor,1,4
0.39397625,2,1,a,s-metolachlor,2,4
0.19833125,2,1,b,s-metolachlor,1,4
0.20537375,2,1,b,s-metolachlor,2,4
0.401325,2,1,c,s-metolachlor,1,4
0.55703,2,1,c,s-metolachlor,2,4
0.23052,3,1,a,s-metolachlor,1,4
0.8450175,3,1,a,s-metolachlor,2,4
0.25387,3,1,b,s-metolachlor,1,4
0.5372725,3,1,b,s-metolachlor,2,4
0.3064175,3,1,c,s-metolachlor,1,4
0.56330375,3,1,c,s-metolachlor,2,4
0.23309625,4,1,a,s-metolachlor,1,4
0.653395,4,1,a,s-metolachlor,2,4
0.2554575,4,1,b,s-metolachlor,1,4
0.6185825,4,1,b,s-metolachlor,2,4
0.32795375,4,1,c,s-metolachlor,1,4
0.5328575,4,1,c,s-metolachlor,2,4
0.29043625,1,2,a,s-metolachlor,1,4
0.5900375,1,2,a,s-metolachlor,2,4
0.36659625,1,2,b,s-metolachlor,1,4
0.27221625,1,2,b,s-metolachlor,2,4
0.32701375,1,2,c,s-metolachlor,1,4
0.46350625,1,2,c,s-metolachlor,2,4
0.322675,2,2,a,s-metolachlor,1,4
0.568695,2,2,a,s-metolachlor,2,4
0.31293125,2,2,b,s-metolachlor,1,4
0.4234025,2,2,b,s-metolachlor,2,4
0.21285,2,2,c,s-metolachlor,1,4
0.532695,2,2,c,s-metolachlor,2,4
0.30693375,3,2,a,s-metolachlor,1,4
0.4590275,3,2,a,s-metolachlor,2,4
0.26488625,3,2,b,s-metolachlor,1,4
0.679175,3,2,b,s-metolachlor,2,4
0.2155925,3,2,c,s-metolachlor,1,4
0.66671625,3,2,c,s-metolachlor,2,4
0.238535,4,2,a,s-metolachlor,1,4
0.68997375,4,2,a,s-metolachlor,2,4
0.28691625,4,2,b,s-metolachlor,1,4
0.75621,4,2,b,s-metolachlor,2,4
0.2880675,4,2,c,s-metolachlor,1,4
0.5420225,4,2,c,s-metolachlor,2,4
0.33158,1,3,a,s-metolachlor,1,4
0.7358775,1,3,a,s-metolachlor,2,4
0.21723,1,3,b,s-metolachlor,1,4
0.47824375,1,3,b,s-metolachlor,2,4
0.30457625,1,3,c,s-metolachlor,1,4
0.28867125,1,3,c,s-metolachlor,2,4
0.4655275,2,3,a,s-metolachlor,1,4
0.6460175,2,3,a,s-metolachlor,2,4
0.3728375,2,3,b,s-metolachlor,1,4
0.67078875,2,3,b,s-metolachlor,2,4
0.34750125,2,3,c,s-metolachlor,1,4
0.59079125,2,3,c,s-metolachlor,2,4
0.27016625,3,3,a,s-metolachlor,1,4
0.75758375,3,3,a,s-metolachlor,2,4
0.3002875,3,3,b,s-metolachlor,1,4
0.67517875,3,3,b,s-metolachlor,2,4
0.37954875,3,3,c,s-metolachlor,1,4
0.48481375,3,3,c,s-metolachlor,2,4
0.20017875,4,3,a,s-metolachlor,1,4
0.3307425,4,3,a,s-metolachlor,2,4
0.3557775,4,3,b,s-metolachlor,1,4
0.6342825,4,3,b,s-metolachlor,2,4
0.274435,4,3,c,s-metolachlor,1,4
0.68194625,4,3,c,s-metolachlor,2,4
0.3678275,1,1,a,s-metolachlor,1,5
0.301735,1,1,a,s-metolachlor,2,5
0.287665,1,1,b,s-metolachlor,1,5
0.3778625,1,1,b,s-metolachlor,2,5
0.2979675,1,1,c,s-metolachlor,1,5
0.6220125,1,1,c,s-metolachlor,2,5
0.265315,2,1,a,s-metolachlor,1,5
0.27801,2,1,a,s-metolachlor,2,5
0.332885,2,1,b,s-metolachlor,1,5
0.321275,2,1,b,s-metolachlor,2,5
0.364625,2,1,c,s-metolachlor,1,5
0.3805625,2,1,c,s-metolachlor,2,5
0.314395,3,1,a,s-metolachlor,1,5
0.39874,3,1,a,s-metolachlor,2,5
0.284675,3,1,b,s-metolachlor,1,5
0.4129125,3,1,b,s-metolachlor,2,5
0.3109325,3,1,c,s-metolachlor,1,5
0.398845,3,1,c,s-metolachlor,2,5
0.3160925,4,1,a,s-metolachlor,1,5
0.3983825,4,1,a,s-metolachlor,2,5
0.2974425,4,1,b,s-metolachlor,1,5
0.3612875,4,1,b,s-metolachlor,2,5
0.284655,4,1,c,s-metolachlor,1,5
0.2746,4,1,c,s-metolachlor,2,5
0.3057475,1,2,a,s-metolachlor,1,5
0.297275,1,2,a,s-metolachlor,2,5
0.313885,1,2,b,s-metolachlor,1,5
0.3547425,1,2,b,s-metolachlor,2,5
0.306675,1,2,c,s-metolachlor,1,5
0.3407325,1,2,c,s-metolachlor,2,5
0.2929875,2,2,a,s-metolachlor,1,5
0.2960775,2,2,a,s-metolachlor,2,5
0.2793675,2,2,b,s-metolachlor,1,5
0.3613525,2,2,b,s-metolachlor,2,5
0.30314,2,2,c,s-metolachlor,1,5
0.30858,2,2,c,s-metolachlor,2,5
0.270835,3,2,a,s-metolachlor,1,5
0.34798,3,2,a,s-metolachlor,2,5
0.2813875,3,2,b,s-metolachlor,1,5
0.3189625,3,2,b,s-metolachlor,2,5
0.2906875,3,2,c,s-metolachlor,1,5
0.3100025,3,2,c,s-metolachlor,2,5
0.3642225,4,2,a,s-metolachlor,1,5
0.40663,4,2,a,s-metolachlor,2,5
0.2787725,4,2,b,s-metolachlor,1,5
0.5667025,4,2,b,s-metolachlor,2,5
0.27205,4,2,c,s-metolachlor,1,5
0.4331725,4,2,c,s-metolachlor,2,5
0.3029,1,3,a,s-metolachlor,1,5
0.3724125,1,3,a,s-metolachlor,2,5
0.273465,1,3,b,s-metolachlor,1,5
0.3207775,1,3,b,s-metolachlor,2,5
0.320345,1,3,c,s-metolachlor,1,5
0.3803475,1,3,c,s-metolachlor,2,5
0.360735,2,3,a,s-metolachlor,1,5
0.3967525,2,3,a,s-metolachlor,2,5
0.3009275,2,3,b,s-metolachlor,1,5
0.3388475,2,3,b,s-metolachlor,2,5
0.27517,2,3,c,s-metolachlor,1,5
0.2838875,2,3,c,s-metolachlor,2,5
0.296425,3,3,a,s-metolachlor,1,5
0.305025,3,3,a,s-metolachlor,2,5
0.361955,3,3,b,s-metolachlor,1,5
0.3922325,3,3,b,s-metolachlor,2,5
0.291725,3,3,c,s-metolachlor,1,5
0.3340775,3,3,c,s-metolachlor,2,5
0.32192,4,3,a,s-metolachlor,1,5
0.3883025,4,3,a,s-metolachlor,2,5
0.2816375,4,3,b,s-metolachlor,1,5
0.5245375,4,3,b,s-metolachlor,2,5
0.29119,4,3,c,s-metolachlor,1,5
0.3376625,4,3,c,s-metolachlor,2,5
0.1400525,1,1,a,s-metolachlor,1,6
0.18566,1,1,a,s-metolachlor,2,6
0.0260425,1,1,b,s-metolachlor,1,6
0.22822,1,1,b,s-metolachlor,2,6
0.1503475,1,1,c,s-metolachlor,1,6
0.3111475,1,1,c,s-metolachlor,2,6
0.0466725,2,1,a,s-metolachlor,1,6
0.1001475,2,1,a,s-metolachlor,2,6
0.1478475,2,1,b,s-metolachlor,1,6
0.04544,2,1,b,s-metolachlor,2,6
0.1969775,2,1,c,s-metolachlor,1,6
0.0561675,2,1,c,s-metolachlor,2,6
0.1482625,3,1,a,s-metolachlor,1,6
0.1021925,3,1,a,s-metolachlor,2,6
0.1362025,3,1,b,s-metolachlor,1,6
0.056315,3,1,b,s-metolachlor,2,6
0.1044075,3,1,c,s-metolachlor,1,6
0.32866,3,1,c,s-metolachlor,2,6
0.0629875,4,1,a,s-metolachlor,1,6
0.2287475,4,1,a,s-metolachlor,2,6
0.1545725,4,1,b,s-metolachlor,1,6
0.1735475,4,1,b,s-metolachlor,2,6
0.140265,4,1,c,s-metolachlor,1,6
0.2664075,4,1,c,s-metolachlor,2,6
0.1324525,1,2,a,s-metolachlor,1,6
0.117905,1,2,a,s-metolachlor,2,6
0.077375,1,2,b,s-metolachlor,1,6
0.4680675,1,2,b,s-metolachlor,2,6
0.03143,1,2,c,s-metolachlor,1,6
0.0269525,1,2,c,s-metolachlor,2,6
0.0349075,2,2,a,s-metolachlor,1,6
0.16823,2,2,a,s-metolachlor,2,6
0.1406725,2,2,b,s-metolachlor,1,6
0.3740875,2,2,b,s-metolachlor,2,6
0.09315,2,2,c,s-metolachlor,1,6
0.201215,2,2,c,s-metolachlor,2,6
0.1327575,3,2,a,s-metolachlor,1,6
0.0501825,3,2,a,s-metolachlor,2,6
0.103175,3,2,b,s-metolachlor,1,6
0.2905625,3,2,b,s-metolachlor,2,6
0.1635675,3,2,c,s-metolachlor,1,6
0.2086675,3,2,c,s-metolachlor,2,6
0.1194025,4,2,a,s-metolachlor,1,6
0.1438775,4,2,a,s-metolachlor,2,6
0.2263025,4,2,b,s-metolachlor,1,6
0.2610825,4,2,b,s-metolachlor,2,6
0.059915,4,2,c,s-metolachlor,1,6
0.2011775,4,2,c,s-metolachlor,2,6
0.06212,1,3,a,s-metolachlor,1,6
0.1905875,1,3,a,s-metolachlor,2,6
0.09838,1,3,b,s-metolachlor,1,6
0.2592225,1,3,b,s-metolachlor,2,6
0.15105,1,3,c,s-metolachlor,1,6
0.2298125,1,3,c,s-metolachlor,2,6
0.1889125,2,3,a,s-metolachlor,1,6
0.190165,2,3,a,s-metolachlor,2,6
0.2186725,2,3,b,s-metolachlor,1,6
0.2541525,2,3,b,s-metolachlor,2,6
0.171225,2,3,c,s-metolachlor,1,6
0.18431,2,3,c,s-metolachlor,2,6
0.158705,3,3,a,s-metolachlor,1,6
0.3094525,3,3,a,s-metolachlor,2,6
0.18509,3,3,b,s-metolachlor,1,6
0.4536025,3,3,b,s-metolachlor,2,6
0.15348,3,3,c,s-metolachlor,1,6
0.1675075,3,3,c,s-metolachlor,2,6
0.20915,4,3,a,s-metolachlor,1,6
0.35166,4,3,a,s-metolachlor,2,6
0.07618,4,3,b,s-metolachlor,1,6
0.38945,4,3,b,s-metolachlor,2,6
0.22457,4,3,c,s-metolachlor,1,6
0.2214775,4,3,c,s-metolachlor,2,6
0.0115475,1,1,a,s-metolachlor,1,7
0.01557775,1,1,a,s-metolachlor,2,7
0.00815625,1,1,b,s-metolachlor,1,7
0.0106585,1,1,b,s-metolachlor,2,7
0.00511875,1,1,c,s-metolachlor,1,7
0.01355775,1,1,c,s-metolachlor,2,7
0.010166,2,1,a,s-metolachlor,1,7
0.0121465,2,1,a,s-metolachlor,2,7
0.0123945,2,1,b,s-metolachlor,1,7
0.0136095,2,1,b,s-metolachlor,2,7
0.01361125,2,1,c,s-metolachlor,1,7
0.01661825,2,1,c,s-metolachlor,2,7
0.00429375,3,1,a,s-metolachlor,1,7
0.01617,3,1,a,s-metolachlor,2,7
0.00726375,3,1,b,s-metolachlor,1,7
0.00906325,3,1,b,s-metolachlor,2,7
0.01073875,3,1,c,s-metolachlor,1,7
0.02355825,3,1,c,s-metolachlor,2,7
0.01782275,4,1,a,s-metolachlor,1,7
0.02216325,4,1,a,s-metolachlor,2,7
0.00735825,4,1,b,s-metolachlor,1,7
0.0086865,4,1,b,s-metolachlor,2,7
0.00986125,4,1,c,s-metolachlor,1,7
0.014189,4,1,c,s-metolachlor,2,7
0.004489,1,2,a,s-metolachlor,1,7
0.005671,1,2,a,s-metolachlor,2,7
0.01280675,1,2,b,s-metolachlor,1,7
0.0228365,1,2,b,s-metolachlor,2,7
0.008661,1,2,c,s-metolachlor,1,7
0.011632,1,2,c,s-metolachlor,2,7
0.0118735,2,2,a,s-metolachlor,1,7
0.00508175,2,2,a,s-metolachlor,2,7
0.00907775,2,2,b,s-metolachlor,1,7
0.01262125,2,2,b,s-metolachlor,2,7
0.00563225,2,2,c,s-metolachlor,1,7
0.01058875,2,2,c,s-metolachlor,2,7
0.00983775,3,2,a,s-metolachlor,1,7
0.015249,3,2,a,s-metolachlor,2,7
0.011259,3,2,b,s-metolachlor,1,7
0.0124505,3,2,b,s-metolachlor,2,7
0.01046275,3,2,c,s-metolachlor,1,7
0.011253,3,2,c,s-metolachlor,2,7
0.0097285,4,2,a,s-metolachlor,1,7
0.01565525,4,2,a,s-metolachlor,2,7
0.0117905,4,2,b,s-metolachlor,1,7
0.01101675,4,2,b,s-metolachlor,2,7
0.0149625,4,2,c,s-metolachlor,1,7
0.0236235,4,2,c,s-metolachlor,2,7
0.012461,1,3,a,s-metolachlor,1,7
0.01159075,1,3,a,s-metolachlor,2,7
0.015587,1,3,b,s-metolachlor,1,7
0.01846125,1,3,b,s-metolachlor,2,7
0.008308,1,3,c,s-metolachlor,1,7
0.0113705,1,3,c,s-metolachlor,2,7
0.01354625,2,3,a,s-metolachlor,1,7
0.01853225,2,3,a,s-metolachlor,2,7
0.01601225,2,3,b,s-metolachlor,1,7
0.0182735,2,3,b,s-metolachlor,2,7
0.01714975,2,3,c,s-metolachlor,1,7
0.01992525,2,3,c,s-metolachlor,2,7
0.00413175,3,3,a,s-metolachlor,1,7
0.021082,3,3,a,s-metolachlor,2,7
0.00389725,3,3,b,s-metolachlor,1,7
0.02152825,3,3,b,s-metolachlor,2,7
0.01058025,3,3,c,s-metolachlor,1,7
0.01879425,3,3,c,s-metolachlor,2,7
0.0086605,4,3,a,s-metolachlor,1,7
0.0053,4,3,a,s-metolachlor,2,7
0.0077015,4,3,b,s-metolachlor,1,7
0.0029005,4,3,b,s-metolachlor,2,7
0.022229,4,3,c,s-metolachlor,1,7
0.03175275,4,3,c,s-metolachlor,2,7